{"cameraMode":{"drawMode":0,"name":"Shaded","section":"Shading Mode"},"sceneLighting":true,"audioPlay":false,"sceneViewState":{"m_AlwaysRefresh":false,"showFog":true,"showSkybox":true,"showFlares":true,"showImageEffects":true,"showParticleSystems":true,"showVisualEffectGraphs":true,"m_FxEnabled":true},"in2DMode":false,"pivot":{"x":990.521240234375,"y":663.5950927734375,"z":55.3992919921875},"rotation":{"x":-0.0026908284053206445,"y":0.013494480401277542,"z":0.000038867310649948195,"w":0.9999136328697205},"size":717.1954345703125,"orthographic":false}