{"cameraMode":{"drawMode":0,"name":"Shaded","section":"Shading Mode"},"sceneLighting":true,"audioPlay":false,"sceneViewState":{"m_AlwaysRefresh":false,"showFog":true,"showSkybox":true,"showFlares":true,"showImageEffects":true,"showParticleSystems":true,"showVisualEffectGraphs":true,"m_FxEnabled":true},"in2DMode":false,"pivot":{"x":761.384033203125,"y":395.35064697265627,"z":0.72235107421875},"rotation":{"x":0.0003085285425186157,"y":0.0014952494530007244,"z":0.0000059854255596292209,"w":1.0000009536743165},"size":443.7955017089844,"orthographic":false}